label,date,non_jll_packages,delta_since_previous,jll_excluded,total_packages,ref,note
2017*,2017-08-29,1541,,0,1541,3c5981deae5fbfc16314d76583b141d10a77f70b,Registry data generated from METADATA.jl
2018,2018-01-01,1691,150,0,1691,7797269b8b6794235e8403897d5d648540e6b391,Jan 1 snapshot
2019,2019-01-01,2424,733,0,2424,d0e77ef72b3e29d386c40ce9849ce5b1e37cf1f5,Jan 1 snapshot
2020,2020-01-01,2671,247,209,2880,44640fca061bb507af485dfa461c7585662acbdc,Jan 1 snapshot
2021,2021-01-01,4216,1545,592,4808,06a500372442a9dd003e34c7a6a20bc757e8eda9,Jan 1 snapshot
2022,2022-01-01,5965,1749,923,6888,4a7e4adff3e5af65f5dcd75542f5d05e73f972cf,Jan 1 snapshot
2023,2023-01-01,7570,1605,1174,8744,7421588ca4d3ccb294a92e4375a31c4ccaf5b21e,Jan 1 snapshot
2024,2024-01-01,8982,1412,1370,10352,085f16ea39f8d3a0827197a65dd1b5a1b9cb1a81,Jan 1 snapshot
2025,2025-01-01,10250,1268,1515,11765,983afae5a510a1d0eed9e0d0b95db7d4dde57576,Jan 1 snapshot
2026,2026-01-01,11352,1102,1691,13043,62907904631f53833a03fc3e4bb89fb51138e75c,Jan 1 snapshot
